Paper Name,Classification,Prediction,Generation,Understanding,Defenses,Transparency,Novelty,Simplicity,Generalization,Flexibility/Extensibility,Robustness,Realistic output,Formal description/analysis,Theoretical guarantees,Approximation,Quantitative evidence (e.g. experiments),Qualitative evidence (e.g. examples),Scientific methodology,Controllability (of model owner),Human-like mechanism,Low cost,Large scale,Promising,Generality,Principled,Exactness,Preciseness,Concreteness,Automatic,Performance,Accuracy,Avoiding train/test discrepancy,State-of-the-art,Efficiency,Reduced training time,Memory efficiency,Data efficiency,Label efficiency,Energy efficiency,Effectiveness,Successful,Building on classic work,Building on recent work,Unifying ideas,integrating components,Identifying limitations,Critique,Understanding,Improvement,Progress,Used in practice,Reproducibility,Easy to implement,Requires few resources,Parallelizability,distributed,Facilitating use,Scales up,Applies to real world,Learning from humans,Practical,Useful,Interpretable,Transparent,Privacy,Fairness,Not socially biased,User influence,Collective influence,Deferral to humans,Critiqability,Beneficence,Non-maleficence,Justice,Respect for Persons,Autonomy,Explicability,Respect for Law and public interest,Security,Easy to work with,Realistic world model,Fast
ICML-2023-Repository-Level-Prompt-Generation-for-Large-Language-Models-of-Code.pdf,2,5,36,6,0,0,0,0,1,0,0,0,0,0,0,0,0,0,0,0,0,0,3,0,0,0,0,0,4,31,0,0,1,0,0,0,0,0,0,0,7,0,0,0,0,0,0,6,8,0,0,0,0,0,0,0,0,0,0,0,0,10,0,0,0,0,0,0,0,0,0,0,0,0,0,0,0,0,0,0,0,1
ICML-2023-Q-learning-Decision-Transformer-Leveraging-Dynamic-Programming-for.pdf,0,0,0,4,0,0,0,0,0,0,2,0,0,0,2,0,0,0,0,0,0,0,1,0,0,0,0,0,0,21,0,0,3,1,0,0,0,0,0,1,1,0,0,0,0,0,0,4,1,0,0,0,0,0,0,0,0,0,0,0,0,0,0,0,0,0,0,0,0,0,0,0,0,0,0,0,0,0,0,0,0,0
ICML-2023-The-Unreasonable-Effectiveness-of-Few-shot-Learning-for-Machine-Translation.pdf,0,0,3,2,0,0,0,0,0,0,1,0,0,0,0,0,0,0,0,0,0,0,1,0,0,0,0,0,2,15,8,0,6,0,0,0,0,0,0,11,1,0,0,0,0,0,0,2,0,0,0,0,0,0,0,0,0,0,0,0,1,0,0,0,0,0,0,0,0,0,0,0,0,0,0,0,0,0,0,0,0,0
ICML-2023-The-Flan-Collection-Designing-Data-and-Methods-for.pdf,0,0,3,4,0,0,0,0,6,0,0,0,0,0,0,0,0,0,0,0,0,0,2,0,0,0,0,0,0,26,3,0,1,0,0,0,0,0,0,0,0,0,0,0,0,0,0,4,3,1,0,0,0,0,0,1,0,0,0,0,0,2,0,0,0,0,0,0,0,0,0,0,0,0,0,0,0,0,0,0,0,0
ICML-2023-Guiding-Pretraining-in-Reinforcement-Learning-with-Large-Language-Models.pdf,3,2,6,4,0,0,25,0,2,0,2,0,0,0,0,0,0,0,0,0,0,0,0,0,0,0,0,0,1,19,7,0,3,1,0,0,0,0,0,0,2,0,0,0,0,0,0,4,1,4,0,0,0,0,0,0,0,0,0,0,0,12,0,0,0,0,0,0,0,0,0,0,0,0,0,0,0,0,0,0,0,0
ICML-2023-mPLUG-2-A-Modularized-Multi-modal-Foundation-Model.pdf,12,1,19,26,0,0,0,0,3,0,3,0,0,0,0,0,0,0,0,0,0,0,0,0,0,0,0,0,1,24,11,0,13,0,0,0,0,0,0,5,0,0,0,0,0,0,0,26,4,0,0,0,0,0,0,0,0,0,0,0,0,0,0,0,0,0,0,0,0,0,0,0,0,0,0,0,0,0,0,0,0,0
ICML-2023-SmoothQuant-Accurate-and-Efficient.pdf,0,1,3,2,0,0,0,0,0,0,0,0,0,0,0,0,0,0,0,0,0,0,1,1,0,0,0,0,0,16,27,0,0,4,0,0,0,0,0,0,0,0,0,0,0,0,0,2,0,0,0,0,0,0,0,2,0,0,0,0,0,0,0,0,0,0,0,0,0,0,0,0,0,0,0,0,0,0,0,0,0,0
ICML-2023-Contrast-with-Reconstruct-Contrastive-3D-Representation-Learning.pdf,15,1,3,10,0,0,0,0,6,0,0,0,0,0,0,0,0,0,0,0,0,0,0,0,0,0,0,0,0,18,29,0,3,5,0,0,0,0,0,0,0,0,0,0,0,0,0,10,8,0,0,0,0,0,0,1,0,0,0,0,0,0,0,0,0,0,0,0,0,0,0,0,0,0,0,0,0,0,0,0,0,0
ICML-2023-simple-diffusion-End-to-end-diffusion-for-high-resolution-images.pdf,0,4,11,0,0,0,0,0,0,0,0,0,0,0,0,0,0,0,0,0,0,0,1,1,0,0,0,0,0,10,0,0,1,0,0,0,0,0,0,0,1,0,0,0,0,0,0,0,0,0,0,0,0,0,0,0,0,0,0,0,0,2,0,0,0,0,0,0,0,0,0,0,0,0,0,0,0,0,0,0,0,1
ICML-2023-The-case-for-4-bit-precision.pdf,1,2,1,2,0,0,0,0,1,0,0,0,0,0,0,0,0,0,0,0,0,0,5,0,0,0,0,0,0,32,53,0,0,0,0,0,0,0,0,0,0,0,0,0,0,0,0,2,3,0,0,0,0,0,0,1,0,0,0,0,1,3,0,0,0,0,0,0,0,0,0,0,0,0,0,0,0,0,0,0,0,1
ICML-2023-TabDDPM-Modelling-Tabular-Data-with-Diffusion-Models.pdf,6,2,4,0,0,0,0,0,0,0,0,0,0,0,0,0,0,0,0,0,0,0,0,0,0,0,0,0,0,8,1,0,8,14,0,0,0,0,0,0,0,0,0,0,0,0,0,0,0,0,0,0,0,0,0,0,0,0,0,0,1,1,1,0,12,0,0,0,0,0,0,0,0,0,0,0,0,0,1,0,0,0
ICML-2023-SegCLIP-Patch-Aggregation-with-Learnable-Centers-for-Open-Vocabulary.pdf,2,3,4,4,0,0,0,0,1,0,0,0,0,0,0,0,0,0,0,0,0,0,1,0,0,0,0,0,1,3,2,0,3,0,0,0,0,0,0,0,0,0,0,0,0,0,0,4,1,0,0,0,0,0,0,0,0,0,0,0,0,0,0,0,0,0,0,0,0,0,0,0,0,0,0,0,0,0,0,0,0,0
ICML-2023-Large-Language-Models-Struggle-to-Learn-Long-Tail-Knowledge.pdf,0,0,1,0,0,0,0,0,1,0,0,0,0,0,0,0,0,0,0,0,0,0,2,0,0,0,0,0,0,13,51,0,0,1,0,0,0,0,0,1,1,0,0,0,0,0,0,0,0,0,0,0,0,0,0,0,0,0,0,0,0,0,0,0,2,0,0,0,0,0,0,0,0,0,0,0,0,0,2,0,0,0
ICML-2023-CLIPood-Generalizing-CLIP-to-Out-of-Distributions.pdf,6,8,0,0,0,0,0,0,49,0,2,0,0,0,0,0,0,0,0,0,0,0,3,0,0,0,0,0,0,40,10,0,5,0,0,0,0,0,0,2,0,0,0,0,0,0,0,0,3,0,0,0,0,0,0,0,0,0,0,0,0,0,0,0,0,0,0,0,0,0,0,0,0,0,0,0,0,0,0,0,0,0
ICML-2023-A-Toy-Model-of-Universality.pdf,1,1,0,56,0,1,0,1,6,0,1,0,0,0,0,0,0,0,0,0,0,0,1,0,0,0,0,0,0,13,3,0,2,0,0,0,0,0,0,0,1,0,0,0,0,0,0,56,1,21,0,0,0,0,0,0,0,0,0,0,1,7,4,0,0,0,0,0,0,0,0,0,0,0,0,0,0,0,0,0,0,0
ICML-2023-BLIP-2-Bootstrapping-Language-Image-Pre-training.pdf,2,0,19,6,0,0,0,0,0,0,0,0,0,0,0,0,0,0,0,0,0,0,1,0,0,0,0,0,1,16,0,0,12,0,0,0,0,0,0,0,0,0,0,0,0,0,0,6,2,0,0,0,0,0,0,0,0,0,0,0,0,2,0,0,0,0,0,0,0,0,0,0,0,0,0,0,0,0,0,0,0,0
ICML-2023-Looped-Transformers-as-Programmable-Computers.pdf,0,0,0,0,0,0,0,1,1,0,0,0,0,0,4,0,0,0,0,0,0,0,1,0,0,0,0,0,0,1,2,0,1,0,0,0,0,0,0,0,0,0,0,0,0,0,0,0,0,0,0,0,0,0,0,0,0,0,0,0,0,1,0,0,0,0,0,0,0,0,0,0,0,0,0,0,0,0,0,0,0,0
ICML-2023-Muse-Text-To-Image-Generation-via-Masked-Generative-Transformers.pdf,0,4,43,12,0,0,0,0,0,0,0,0,0,0,0,0,0,0,0,0,0,0,0,0,0,0,0,0,1,8,1,0,3,0,0,0,0,0,0,1,0,0,0,0,0,0,0,12,2,0,0,0,0,0,0,0,0,0,0,0,0,1,0,0,0,0,0,0,0,0,0,0,0,0,0,0,0,0,0,0,0,2
ICML-2023-DS-1000-A-Natural-and-Reliable-Benchmark-for-Data-Science-Code-Generation.pdf,0,3,45,4,0,0,0,0,1,0,0,0,0,0,0,0,0,0,0,0,0,0,0,0,0,0,0,0,23,13,12,0,1,0,0,0,0,0,0,0,0,0,0,0,0,0,0,4,2,2,0,0,0,0,0,1,0,0,0,0,1,5,0,0,0,0,0,0,0,0,0,0,0,0,0,0,0,0,2,0,0,0
ICML-2023-Consistency-Models.pdf,0,0,46,0,0,0,0,0,0,0,0,0,0,0,0,0,0,0,0,0,0,0,0,0,0,0,0,0,3,3,0,0,1,0,0,0,0,0,0,1,2,0,0,0,0,0,0,0,0,1,0,0,0,0,0,0,0,0,0,0,2,1,0,0,0,0,0,0,0,0,0,0,0,0,0,0,0,0,0,0,0,6
ICML-2023-SinFusion-Training-Diffusion-Models-on-a-Single-Image-or-Video.pdf,0,14,57,0,0,0,0,2,10,0,0,0,0,0,0,0,0,0,0,0,0,0,0,0,0,0,0,0,1,5,0,0,0,0,0,0,0,0,0,1,0,0,0,0,0,0,0,0,0,1,0,0,0,0,0,0,0,0,0,0,1,2,0,0,0,0,0,0,0,0,0,0,0,0,0,0,0,0,0,0,0,1
"ICML-2023-Score-Approximation,-Estimation-and-Distribution-Recovery-of.pdf",0,0,2,2,0,0,0,2,2,0,0,0,0,0,26,0,0,0,0,0,0,0,0,0,0,0,0,0,0,1,0,0,2,0,0,0,0,0,0,0,0,0,0,0,0,0,0,2,0,0,0,0,0,0,0,0,0,0,0,0,2,2,0,0,0,0,0,0,0,0,0,0,0,0,0,0,0,0,0,0,0,2
ICML-2023-Restoration-Degradation-Beyond-Linear-Diffusions.pdf,0,0,3,4,0,0,0,1,1,0,0,0,0,0,3,0,0,0,0,0,0,0,0,0,0,0,0,0,0,1,1,0,2,0,0,0,0,0,0,0,1,0,0,0,0,0,0,4,1,1,0,0,0,0,0,0,0,0,0,0,0,2,0,0,0,0,0,0,0,0,0,0,0,0,0,0,0,0,0,0,0,2
ICML-2023-XTab-Cross-table-Pretraining-for-Tabular-Transformers.pdf,16,28,0,4,0,0,0,0,1,0,0,0,0,0,0,0,0,0,0,0,0,0,1,0,0,0,0,0,0,50,1,0,5,0,0,0,0,0,0,0,0,0,0,0,0,0,0,4,4,1,0,0,0,0,0,4,0,0,0,0,1,0,0,0,0,0,0,0,0,0,0,0,0,0,0,0,0,0,0,0,0,0
ICML-2023-Transformers-as-Algorithms.pdf,1,14,0,6,0,0,0,0,56,0,1,0,0,0,3,0,0,0,0,0,0,0,0,0,0,0,0,0,2,10,0,0,1,0,0,0,0,0,0,0,0,0,0,0,0,0,0,6,0,0,0,0,0,0,0,0,0,0,0,0,1,1,0,0,0,0,0,0,0,0,0,0,0,0,0,0,0,0,0,0,0,1
ICML-2023-Deep-Graph-Representation-Learning-and-Optimization-for-Influence.pdf,0,3,1,0,0,0,0,0,6,0,1,0,0,0,2,0,0,0,0,0,0,0,0,0,0,0,0,0,0,18,0,0,3,6,0,0,0,0,0,1,0,0,0,0,0,0,0,0,2,3,0,0,0,0,0,0,0,0,0,0,2,0,0,0,0,0,0,0,0,0,0,0,0,0,0,0,0,0,0,0,0,0
ICML-2023-Grounding-Large-Language-Models-in-Interactive-Environments.pdf,0,0,3,6,0,0,1,0,21,0,5,0,0,0,1,0,0,0,0,0,0,0,0,0,0,0,0,0,0,9,0,0,0,13,0,0,0,0,0,0,0,0,0,0,0,0,0,6,0,1,0,0,0,0,0,9,0,0,0,0,0,6,0,0,0,0,0,0,0,0,0,0,0,0,0,0,0,0,0,0,0,4
ICML-2023-Multisample-Flow-Matching-Straightening-Flows-with-Minibatch-Couplings.pdf,0,0,2,2,0,0,0,0,1,0,0,0,0,0,1,0,0,0,0,0,0,0,0,0,0,0,0,0,0,3,1,0,0,5,0,0,0,0,0,0,0,0,0,0,0,0,0,2,1,0,0,0,0,0,0,0,0,0,0,0,1,0,0,0,0,0,0,0,0,0,0,0,0,0,0,0,0,0,0,0,0,2
ICML-2023-One-Transformer-Fits-All-Distributions-in-Multi-Modal-Diffusion-at-Scale.pdf,0,14,43,2,0,0,0,0,0,0,0,0,0,0,0,0,0,0,0,0,0,0,1,0,0,0,0,0,1,3,0,0,0,1,0,0,0,0,0,1,0,0,0,0,0,0,0,2,0,0,0,0,0,0,0,0,0,0,0,0,0,0,0,0,0,0,0,0,0,0,0,0,0,0,0,0,0,0,0,0,0,4
ICML-2023-Change-is-Hard-A-Closer-Look-at-Subpopulation-Shift.pdf,10,5,1,8,0,0,0,0,19,0,6,0,0,0,0,0,0,0,0,0,0,0,0,0,0,0,0,0,0,34,81,0,1,0,0,0,0,0,0,3,1,0,0,0,0,0,0,8,5,3,0,0,0,0,0,0,0,0,0,0,0,0,0,0,0,5,0,0,0,0,0,0,0,0,0,0,0,0,0,0,0,0
ICML-2023-MultiDiffusion-Fusing-Diffusion-Paths-for-Controlled-Image-Generation.pdf,0,0,63,0,0,0,0,0,0,0,0,0,0,0,0,0,0,0,0,0,0,0,0,0,2,0,0,0,0,1,0,0,4,0,0,0,0,0,0,0,0,0,0,0,0,0,0,0,0,1,0,0,0,0,0,3,0,0,0,0,0,0,0,0,0,0,0,0,0,0,0,0,0,0,0,0,0,0,0,0,0,3
ICML-2023-On-Pre-Training-for-Visuo-Motor-Control.pdf,0,0,0,2,0,0,0,0,10,0,13,0,0,0,0,0,0,0,0,0,0,0,1,0,0,0,0,0,1,15,0,0,2,2,0,0,0,0,0,3,0,0,0,0,0,0,0,2,0,6,0,0,0,0,0,0,0,0,0,0,1,0,0,2,0,0,0,0,0,0,0,0,0,0,0,0,0,0,0,0,0,0
ICML-2023-Robust-Speech-Recognition-via-Large-Scale-Weak-Supervision.pdf,2,5,0,4,0,0,0,0,4,0,18,0,0,0,1,0,0,0,0,0,0,0,0,0,0,0,0,0,6,51,6,0,1,0,0,0,0,0,0,0,0,0,0,0,0,0,0,4,6,1,0,0,0,0,0,1,0,0,0,0,1,0,0,0,0,0,0,0,0,0,0,0,0,0,0,0,0,0,0,0,0,1
ICML-2023-LEVER--Learning-to-Verify-Language-to-Code-Generation-with-Execution.pdf,3,3,58,2,0,0,0,0,0,0,0,0,0,0,0,0,0,0,0,0,0,0,0,0,0,0,0,0,0,29,9,0,8,0,0,0,0,0,0,2,2,0,0,0,0,0,0,2,0,2,0,0,0,0,0,0,0,0,0,0,0,1,0,0,0,0,0,0,0,0,0,0,0,0,0,0,0,0,0,0,0,0
ICML-2023-Automatically-Auditing-Large-Language-Models-via-Discrete-Optimization.pdf,1,1,11,0,0,3,0,0,0,0,0,0,0,0,13,0,0,0,0,0,0,0,2,0,0,0,0,0,0,1,1,0,2,0,0,0,0,0,0,0,0,0,0,0,0,0,0,0,0,0,0,0,0,0,0,0,0,0,0,0,0,2,0,0,0,2,0,0,0,0,0,0,0,0,0,0,0,0,0,0,0,0
ICML-2023-SE(3)-diffusion-model-with-application-to-protein-backbone-generation.pdf,0,14,47,0,0,0,3,2,1,0,0,0,0,0,1,0,0,0,0,0,0,0,1,1,4,0,0,0,1,2,1,0,1,2,0,0,0,0,0,0,1,0,0,0,0,0,0,0,1,0,0,0,0,0,0,1,0,0,0,0,2,3,0,0,0,0,0,0,0,0,0,0,0,0,0,0,0,0,0,0,0,2
ICML-2023-Efficient-Online-Reinforcement-Learning-with-Offline-Data.pdf,0,0,0,0,0,0,0,0,0,0,1,0,0,0,4,0,0,0,0,0,0,0,1,1,0,0,0,0,0,22,0,0,5,10,0,0,0,0,0,0,1,0,0,0,0,0,0,0,3,1,0,0,0,0,0,1,0,0,0,0,0,2,0,0,0,0,0,0,0,0,0,0,0,0,0,0,0,0,0,0,0,2
ICML-2023-ESC-Exploration-with-Soft-Commonsense-Constraints.pdf,0,2,0,30,0,0,0,1,2,0,0,0,0,0,0,0,0,0,0,0,0,0,0,0,0,0,0,0,0,9,0,0,4,1,0,0,0,0,0,3,1,0,0,0,0,0,0,30,4,1,0,0,0,0,0,1,0,0,0,0,0,0,0,0,0,0,0,0,0,0,0,0,0,0,0,0,0,0,0,0,0,0
ICML-2023-Protecting-Language-Generation-Models-via-Invisible-Watermarking.pdf,4,1,56,4,1,0,0,0,0,0,4,0,0,0,0,0,0,0,0,0,0,0,1,0,0,0,0,0,2,13,0,0,0,0,0,0,0,0,0,4,1,0,0,0,0,0,0,4,3,0,0,0,0,0,0,0,0,0,0,0,0,0,0,0,0,0,0,0,0,0,0,0,0,0,0,0,0,0,7,0,0,0
ICML-2023-LIV-Language-Image-Representations-and-Rewards-for-Robotic-Control.pdf,0,0,1,8,0,0,0,0,5,0,1,0,0,0,0,0,0,0,0,0,0,0,0,0,2,0,0,0,0,20,2,0,0,0,0,0,0,0,0,3,0,0,0,0,0,0,0,8,1,2,0,0,0,0,0,0,0,0,0,0,1,0,0,0,0,0,0,0,0,0,0,0,0,0,0,0,0,0,0,0,0,0
ICML-2023-In-or-Out?-Fixing-ImageNet-Out-of-Distribution-Detection-Evaluation.pdf,5,2,1,2,0,0,1,0,0,0,1,0,0,0,0,0,0,0,0,0,0,0,1,0,0,0,0,0,0,15,8,0,2,0,0,0,0,0,0,0,0,0,0,0,0,0,0,2,0,0,0,1,0,0,0,0,0,0,0,0,0,0,0,0,0,0,0,0,0,0,0,0,0,0,0,0,0,0,0,0,0,0
ICML-2023-Scaling-Laws-for-Generative-Mixed-Modal-Language-Models.pdf,2,2,3,8,0,0,0,0,1,0,0,0,0,0,7,0,0,0,0,0,0,0,0,0,0,0,0,0,1,2,3,0,0,0,0,0,0,0,0,0,0,0,0,0,0,0,0,8,0,0,0,0,0,0,0,0,0,0,0,0,0,0,0,0,0,0,0,0,0,0,0,0,0,0,0,0,0,0,0,0,0,0
ICML-2023-Synthetic-Prompting-Generating-Chain-of-Thought-Demonstrations-for-Large.pdf,0,0,5,0,0,0,0,0,3,0,2,0,0,0,0,0,0,0,0,0,0,0,1,0,0,0,0,0,1,12,3,0,4,0,0,0,0,0,0,2,0,0,0,0,0,0,0,0,0,0,0,0,0,0,0,0,0,0,0,0,0,0,0,1,0,0,0,0,0,0,0,0,0,1,0,0,0,0,1,0,0,0
ICML-2023-Scaling-Laws-for-Reward-Model-Overoptimization.pdf,0,1,1,8,0,0,0,0,3,0,5,0,0,0,0,0,0,0,0,0,0,0,0,1,0,0,0,0,0,1,2,0,0,1,0,0,0,0,0,0,0,0,0,0,0,0,0,8,1,0,0,0,0,0,0,4,0,0,0,0,0,1,0,0,0,0,0,0,0,0,0,0,0,0,0,0,0,0,0,0,0,1
"ICML-2023-Generating-Novel,-Designable,-and-Diverse-Protein-Structures.pdf",4,20,8,0,0,0,10,1,0,0,0,0,0,0,0,0,0,0,0,0,0,0,2,0,0,0,0,0,0,10,0,0,2,0,0,0,0,0,0,0,0,0,0,0,0,0,0,0,0,0,0,0,0,0,0,0,0,0,0,0,0,0,0,0,0,0,0,0,0,0,0,0,0,0,0,0,0,0,0,0,0,0
ICML-2023-Task-Specific-Skill-Localization-in-Fine-tuned-Language-Models.pdf,5,2,0,12,0,0,0,0,26,0,0,0,0,0,0,0,0,0,0,0,0,0,0,0,0,0,0,0,0,49,39,0,0,1,0,0,0,0,0,0,0,0,0,0,0,0,0,12,10,0,0,0,0,0,0,1,0,0,0,0,0,0,0,0,0,0,0,0,0,0,0,0,0,0,0,0,0,0,0,0,0,0
ICML-2023-Coder-Reviewer-Reranking-for-Code-Generation.pdf,1,0,19,8,0,0,0,0,0,0,0,0,0,0,0,0,0,0,0,0,0,0,0,0,0,0,0,0,0,15,10,0,2,0,0,0,0,0,0,0,0,0,0,0,0,0,0,8,5,0,0,0,0,0,0,0,0,0,0,0,0,1,0,0,0,0,0,0,0,0,0,0,0,0,0,0,0,0,0,0,0,0
ICML-2023-Linear-Causal-Disentanglement-via-Interventions.pdf,0,0,2,0,0,0,0,0,1,0,0,0,0,0,0,0,0,0,0,0,0,0,0,2,0,0,0,0,0,5,1,0,0,0,0,0,0,0,0,0,0,0,0,0,0,0,0,0,0,0,0,0,0,0,0,0,0,0,0,0,0,2,0,0,0,0,0,0,0,0,0,0,0,0,0,0,0,0,0,0,0,0
ICML-2023-ClimaX-A-foundation-model-for-weather-and-climate.pdf,0,77,1,14,0,0,0,0,2,0,1,0,0,0,1,0,0,0,0,0,0,0,0,4,0,0,0,0,0,30,2,0,5,0,0,0,0,0,0,1,0,0,0,0,0,0,0,14,0,2,0,0,0,0,0,0,0,0,0,0,1,4,0,0,0,0,0,0,0,0,0,0,0,0,0,0,0,0,0,0,0,1
ICML-2023-Exploring-the-Benefits-of-Training-Expert-Language-Models.pdf,9,3,9,6,0,0,0,0,13,0,0,0,0,0,0,0,0,0,0,0,0,0,0,0,0,0,0,0,1,31,18,0,1,0,0,0,0,0,0,0,0,0,0,0,0,0,0,6,3,0,0,0,0,0,0,22,0,0,0,0,0,1,0,0,0,0,0,0,0,0,0,0,0,2,0,0,0,0,0,0,0,0
ICML-2023-GNOT-A-General-Neural-Operator-Transformer-for-Operator-Learning.pdf,0,6,2,0,0,0,0,0,0,0,0,0,0,0,1,0,0,0,0,0,0,0,0,0,0,0,0,0,1,11,0,0,0,1,0,0,0,0,0,1,0,0,0,0,0,0,0,0,2,1,0,0,0,0,0,2,0,0,0,0,9,0,0,0,0,0,0,0,0,0,0,0,0,0,0,0,0,0,0,0,0,4
"ICML-2023-Bigger,-Better,-Faster-Human-level-Atari-with-human-level-efÔ¨Åciency.pdf",0,0,1,0,0,0,0,0,4,0,0,0,0,0,0,0,0,0,0,0,0,0,2,0,0,0,0,0,0,49,0,0,1,0,0,0,0,0,0,0,0,0,0,0,0,0,0,0,3,4,0,0,0,0,0,2,0,0,0,0,0,3,0,0,0,0,0,0,0,0,0,0,0,0,0,0,0,0,0,0,0,1
ICML-2023-NerfDiff-Single-image-View-Synthesis-with-NeRF-guided-Distillation.pdf,0,4,12,0,0,0,0,0,5,0,0,0,0,0,2,0,0,0,0,0,0,0,0,0,0,0,0,0,0,3,0,0,4,2,0,0,0,0,0,1,0,0,0,0,0,0,0,0,0,0,0,0,0,0,0,0,0,0,0,0,0,0,0,0,0,0,0,0,0,0,0,0,0,0,0,0,0,0,0,0,0,3
ICML-2023-Image-Restoration-with-Mean-Reverting-Stochastic-Differential-Equations.pdf,0,0,1,0,0,0,0,0,0,0,1,0,0,0,0,0,0,0,0,0,0,0,0,0,0,0,0,0,0,18,0,0,3,1,0,0,0,0,0,1,0,0,0,0,0,0,0,0,1,0,0,0,0,0,0,0,0,0,0,0,1,0,0,0,0,0,0,0,0,0,0,0,0,0,0,0,0,0,0,0,0,2
ICML-2023-Geometric-Latent-Diffusion-Models-for-3D-Molecule-Generation.pdf,0,2,60,0,0,0,0,0,1,0,0,0,0,0,0,0,0,0,0,0,0,0,4,0,3,0,0,0,1,4,0,0,0,0,0,0,0,0,0,1,1,0,0,0,0,0,0,0,5,3,0,0,0,0,0,0,0,0,0,0,1,1,0,0,0,0,0,0,0,0,0,0,0,0,0,0,0,0,0,0,0,0
ICML-2023-Scaling-Up-Dataset-Distillation-to-ImageNet-1K-with-Constant-Memory.pdf,0,0,1,0,0,0,0,0,1,0,0,0,0,0,2,0,0,0,0,0,0,0,0,0,0,0,0,0,0,16,17,0,5,0,0,0,0,0,0,3,0,0,0,0,0,0,0,0,1,0,0,0,0,0,0,0,0,0,0,0,1,0,0,0,0,0,0,0,0,0,0,0,0,0,0,0,0,0,0,0,0,3
ICML-2023-Poisoning-Language-Models-During-Instruction-Tuning.pdf,9,1,1,0,4,0,0,1,3,0,1,0,0,0,3,0,0,0,0,0,0,0,1,0,1,0,0,0,0,1,18,0,1,0,0,0,0,0,0,5,3,0,0,0,0,0,0,0,0,0,0,0,0,0,0,1,0,0,0,0,2,0,0,0,2,0,0,0,0,0,0,0,0,0,0,0,0,0,3,0,0,0
ICML-2023-Jump-Start-Reinforcement-Learning.pdf,0,0,1,0,0,0,0,0,2,0,0,0,0,0,3,0,0,0,0,0,0,0,1,0,0,0,0,0,0,24,0,0,2,2,0,0,0,0,0,1,1,0,0,0,0,0,0,0,2,2,0,0,0,0,0,1,0,0,0,0,1,2,0,0,0,0,0,0,0,0,0,0,0,0,0,0,0,0,0,0,0,1
ICML-2023-CHiLS-Zero-Shot-Image-Classification-with-Hierarchical-Label-Sets.pdf,47,15,1,2,0,0,0,0,0,0,1,0,0,0,0,0,0,0,0,0,0,0,0,0,1,0,0,0,0,34,37,0,0,0,0,0,0,0,0,2,0,0,0,0,0,0,0,2,0,0,0,0,0,0,0,0,0,0,0,0,0,1,0,0,0,0,0,0,0,0,0,0,0,0,0,0,0,0,0,0,0,0
ICML-2023-A-Theory-of-Continuous-Generative-Flow-Networks.pdf,0,0,3,0,0,0,0,0,1,0,0,0,0,0,6,0,0,0,0,0,0,0,0,0,0,0,0,0,0,2,1,0,0,0,0,0,0,0,0,0,0,0,0,0,0,0,0,0,0,0,0,0,0,0,0,0,0,0,0,0,3,3,0,0,0,0,0,0,0,0,0,0,0,0,0,0,0,0,0,0,0,0
ICML-2023-Multi-Objective-GFlowNets.pdf,0,0,25,0,0,0,0,0,1,0,0,0,0,0,3,0,0,0,0,0,0,0,1,0,0,0,0,0,0,19,1,0,0,4,0,0,0,0,0,1,1,0,0,0,0,0,0,0,3,0,0,0,0,0,0,0,0,0,0,0,4,1,0,0,0,0,0,0,0,0,0,0,0,0,0,0,0,0,0,0,0,1
ICML-2023-Cross-Entropy-Loss-Functions.pdf,0,4,1,2,0,0,0,0,12,0,25,0,0,0,6,0,0,0,0,0,0,0,0,1,2,0,0,0,0,7,16,0,7,0,0,0,0,0,0,0,0,0,0,0,0,0,0,2,1,0,0,0,0,0,0,0,0,0,0,0,0,1,0,0,1,0,0,0,0,0,0,0,0,0,0,0,0,0,1,0,0,3
ICML-2023-Text-To-4D-Dynamic-Scene-Generation.pdf,0,0,26,2,0,0,0,0,0,0,1,0,0,0,0,0,0,0,0,0,0,0,0,0,0,0,0,0,1,1,1,0,0,1,0,0,0,0,0,3,0,0,0,0,0,0,0,2,2,0,0,0,0,0,0,0,0,0,0,0,0,0,0,0,0,0,0,0,0,0,0,0,0,0,0,0,0,0,0,0,0,2
ICML-2023-Are-Diffusion-Models-Vulnerable-to-Membership-Inference-Attacks?.pdf,5,0,6,2,2,0,0,0,2,0,0,0,0,0,0,0,0,0,0,0,0,0,0,0,0,0,0,0,0,12,0,0,2,2,0,0,0,0,0,4,0,0,0,0,0,0,0,2,0,0,0,0,0,0,0,1,0,0,0,0,2,0,0,0,23,0,0,0,0,0,0,0,0,0,0,0,0,0,14,0,0,2
ICML-2023-Better-Diffusion-Models-Further-Improve-Adversarial-Training.pdf,0,0,10,4,5,0,0,0,9,0,35,0,0,0,0,0,0,0,0,0,0,0,2,0,1,0,0,0,0,24,71,0,4,3,0,0,0,0,0,4,0,0,0,0,0,0,0,4,3,0,0,0,0,0,0,0,0,0,0,0,1,0,0,0,0,1,0,0,0,0,0,0,0,0,0,0,0,0,0,0,0,6
ICML-2023-Model-Ratatouille.pdf,1,15,0,6,0,1,0,1,42,0,8,0,0,0,0,0,0,0,0,0,0,0,1,0,0,0,0,0,1,12,27,0,3,0,0,0,0,0,0,0,1,0,0,0,0,0,0,6,1,1,0,2,0,0,0,2,0,0,0,0,1,3,0,0,2,1,0,0,0,0,0,0,0,0,0,0,0,0,0,0,0,1
ICML-2023-Large-Language-Models-Can-Be-Easily-Distracted-by-Irrelevant-Context.pdf,0,3,1,6,0,0,0,1,0,0,12,0,0,0,0,0,0,0,0,0,0,0,0,0,0,0,0,0,0,21,35,0,3,0,0,0,0,0,0,0,0,0,0,0,0,0,0,6,3,0,0,0,0,0,0,0,0,0,0,0,0,1,1,0,0,0,0,0,0,0,0,0,0,0,0,0,0,0,0,0,0,0
ICML-2023-Unifying-Molecular-and-Textual-Representations-via-Multi-task.pdf,0,13,23,10,0,0,0,0,4,0,0,0,0,0,0,0,0,0,0,0,0,0,0,0,0,0,0,0,3,17,5,0,3,0,0,0,0,0,0,2,0,0,0,0,0,0,0,10,1,1,0,0,0,0,0,0,0,0,0,0,0,1,0,0,0,0,0,0,0,0,0,0,0,0,0,0,0,0,0,0,0,0
ICML-2023-PaLM-E-An-Embodied-Multimodal-Language-Model.pdf,0,4,4,8,0,0,0,0,5,0,0,0,0,0,0,0,0,0,0,0,0,0,1,0,0,0,0,0,1,25,5,0,4,0,0,0,0,0,0,0,1,0,0,0,0,0,0,8,0,0,0,0,0,0,0,0,0,0,0,0,0,0,0,0,0,0,0,0,0,0,0,0,0,0,0,0,0,0,0,0,0,0
ICML-2023-Less-is-More-Task-aware-Layer-wise-Distillation-for-Language-Model.pdf,0,5,0,12,0,0,0,0,1,0,0,0,0,0,0,0,0,0,0,0,0,0,0,0,0,0,0,0,0,14,4,0,2,0,0,0,0,0,0,0,0,0,0,0,0,0,0,12,0,0,0,0,0,0,0,0,0,0,0,0,1,5,0,0,0,0,0,0,0,0,0,0,0,0,0,0,0,0,0,0,0,0
ICML-2023-Scalable-Adaptive-Computation-for-Iterative-Generation.pdf,0,11,12,0,0,0,0,0,0,0,0,0,0,0,0,0,0,0,0,0,0,0,0,0,0,0,0,0,0,7,0,0,4,0,0,0,0,0,0,0,0,0,0,0,0,0,0,0,0,0,0,0,0,0,0,2,0,0,0,0,0,2,0,0,0,0,0,0,0,0,0,0,0,0,0,0,0,0,0,0,0,0
ICML-2023-Grounding-Language-Models-to-Images-for-Multimodal-Inputs-and-Outputs.pdf,0,0,17,4,0,0,0,0,4,0,0,0,0,0,0,0,0,0,0,0,0,0,4,0,0,0,0,0,3,21,1,0,3,0,0,0,0,0,0,1,0,0,0,0,0,0,0,4,4,0,0,0,0,0,0,1,0,0,0,0,1,0,1,0,0,0,0,0,0,0,0,0,0,0,0,0,0,0,0,0,0,0
ICML-2023-PAL-Program-aided-Language-Models.pdf,0,1,3,18,0,0,0,0,2,0,0,0,0,0,0,0,0,0,0,0,0,0,0,0,0,0,0,0,0,15,11,0,5,0,0,0,0,0,0,1,0,0,0,0,0,0,0,18,2,0,0,0,0,0,0,0,0,0,0,0,0,4,1,0,0,0,0,0,0,0,0,0,0,0,0,0,0,0,0,0,0,0
ICML-2023-Loss-Guided-Diffusion-Models-for-Plug-and-Play-Controllable-Generation.pdf,1,2,29,0,0,0,0,1,0,0,0,0,0,0,9,0,0,0,0,0,0,0,1,0,0,0,0,0,0,6,4,0,0,2,0,0,0,0,0,2,0,0,0,0,0,0,0,0,2,0,0,0,0,0,0,0,0,0,0,0,2,1,0,0,0,0,0,0,0,0,0,0,0,0,0,0,0,0,0,0,0,7
ICML-2023-On-Over-Squashing-in-Message-Passing-Neural-Networks.pdf,1,0,0,8,0,0,0,0,2,0,0,0,0,0,0,0,0,0,0,0,0,0,0,0,0,0,0,0,0,5,3,0,0,0,0,0,0,0,0,0,0,0,0,0,0,0,0,8,0,0,0,0,0,0,0,1,0,0,0,0,1,1,0,0,0,0,0,0,0,0,0,0,0,0,0,0,0,0,0,0,0,5
ICML-2023-Prompting-Large-Language-Model-for-Machine-Translation-A-Case-Study.pdf,1,0,2,6,0,0,0,0,0,0,1,0,0,0,0,0,0,0,0,0,0,0,1,0,0,0,0,0,1,25,0,0,1,0,0,0,0,0,0,0,1,0,0,0,0,0,0,6,0,0,0,0,0,0,0,0,0,0,0,0,0,0,0,0,0,0,0,0,0,0,0,0,0,0,0,0,0,0,0,0,0,0
ICML-2023-PFGM++-Unlocking-the-Potential-of-Physics-Inspired-Generative-Models.pdf,0,2,9,0,0,0,0,0,0,0,24,0,0,0,1,0,0,0,0,0,0,0,0,0,0,0,0,0,0,8,0,0,7,0,0,0,0,0,0,0,0,0,0,0,0,0,0,0,0,0,0,0,0,0,0,0,0,0,0,0,3,0,0,0,0,0,0,0,0,0,0,0,0,0,0,0,0,0,0,0,0,0
ICML-2023-Controlled-Text-Generation-with-Natural-Language-Instructions.pdf,0,0,68,2,0,0,0,1,3,0,0,0,0,0,1,0,0,0,0,0,0,0,0,0,0,0,0,0,0,10,2,0,2,0,0,0,0,0,0,2,0,0,0,0,0,0,0,2,1,0,0,0,0,0,0,0,0,0,0,0,0,0,0,0,0,0,0,0,0,0,0,0,0,0,0,0,0,0,0,0,0,1
ICML-2023-Composer-Creative-and-Controllable-Image-Synthesis-with.pdf,0,0,33,4,0,0,0,0,1,0,0,0,0,0,0,0,0,0,0,0,0,0,0,0,0,0,0,0,0,2,0,0,1,0,0,0,0,0,0,0,1,0,0,0,0,0,0,4,0,0,0,0,0,0,0,0,0,0,0,0,1,1,0,0,0,0,0,0,0,0,0,0,0,0,0,0,0,0,0,0,0,2
ICML-2023-Graph-Inductive-Biases-in-Transformers-without-Message-Passing.pdf,2,3,0,2,0,0,0,0,1,0,0,0,0,0,1,0,0,0,0,0,0,0,0,0,0,0,0,0,0,18,9,0,4,0,0,0,0,0,0,1,2,0,0,0,0,0,0,2,0,0,0,0,0,0,0,0,0,0,0,0,1,5,0,0,0,0,0,0,0,0,0,0,0,0,0,0,0,0,0,0,0,0
ICML-2023-Reducing-SO(3)-Convolutions-to-SO(2)-for-Efficient-Equivariant-GNNs.pdf,1,4,0,0,0,0,0,0,1,0,0,0,0,0,4,0,0,0,0,0,0,0,0,1,0,0,0,0,1,7,2,0,4,5,0,0,0,0,0,0,0,0,0,0,0,0,0,0,3,0,0,0,0,0,0,0,0,0,0,0,0,1,1,0,0,0,0,0,0,0,0,0,0,0,0,0,0,0,0,0,0,4
ICML-2023-A-Generalization-of-ViT-MLP-Mixer-to-Graphs.pdf,5,7,0,4,0,0,0,1,26,0,0,0,0,0,1,0,0,0,0,0,0,0,2,0,0,0,0,0,0,16,19,0,3,0,0,0,0,0,0,0,1,0,0,0,0,0,0,4,2,1,0,1,0,0,0,0,0,0,0,0,2,1,1,0,0,0,0,0,0,0,0,0,0,0,0,0,0,0,0,0,0,5
ICML-2023-Improved-Analysis-of-Score-based-Generative-Modeling.pdf,0,0,1,2,0,0,1,0,0,0,0,0,0,0,4,0,0,0,0,0,0,0,0,1,0,0,0,0,0,1,0,0,0,0,0,0,0,0,0,1,1,0,0,0,0,0,0,2,1,0,0,0,0,0,0,2,0,0,0,0,1,1,0,0,0,0,0,0,0,0,0,0,0,0,0,0,0,0,0,0,0,2
ICML-2023-On-the-Expressive-Power-of-Geometric-Graph-Neural-Networks.pdf,0,5,0,12,0,0,0,1,1,0,0,0,0,0,3,0,0,0,0,0,0,0,1,0,1,0,0,0,0,1,0,0,0,1,0,0,0,0,0,0,0,0,0,0,0,0,0,12,0,1,0,0,0,0,0,0,0,0,0,0,13,1,1,0,0,0,0,0,0,0,0,0,0,0,0,0,0,0,0,0,0,2
ICML-2023-How-Do-Transformers-Learn-Topic-Structure.pdf,1,6,0,90,0,0,0,0,0,0,0,0,0,0,3,0,0,0,0,0,0,0,0,0,0,0,0,0,0,1,0,0,0,0,0,0,0,0,0,0,0,0,0,0,0,0,0,90,0,0,0,0,0,0,0,0,0,0,0,0,1,2,0,0,0,0,0,0,0,0,0,0,0,0,0,0,0,0,0,0,0,1
ICML-2023-Exploring-Chemical-Space-with.pdf,1,9,70,0,0,0,18,0,0,0,0,0,0,0,1,0,0,0,0,0,0,0,3,0,0,0,0,0,3,7,0,0,3,1,0,0,0,0,0,5,0,0,0,0,0,0,0,0,0,0,0,0,0,0,0,0,0,0,0,0,4,2,1,0,0,0,0,0,0,0,0,0,0,0,0,0,0,0,0,0,0,2
ICML-2023-VectorMapNet-End-to-end-Vectorized-HD-Map-Learning.pdf,1,13,4,16,0,0,0,0,0,0,3,0,0,0,0,0,0,0,0,0,0,0,0,0,0,0,0,0,0,15,1,0,1,1,0,0,0,0,0,1,0,0,0,0,0,0,0,16,0,0,0,0,0,0,0,0,0,0,0,0,0,0,1,0,1,0,0,0,0,0,0,0,0,0,0,0,0,0,0,0,0,2
ICML-2023-Global-Context-Vision-Transformers.pdf,10,2,0,0,0,0,0,0,0,0,1,0,0,0,0,0,0,0,0,0,0,0,0,0,0,0,0,0,0,12,10,0,2,2,0,0,0,0,0,15,0,0,0,0,0,0,0,0,1,0,0,0,0,0,0,0,0,0,0,0,0,0,0,0,0,0,0,0,0,0,0,0,0,0,0,0,0,0,0,0,0,1
ICML-2023-Open-Vocabulary-Universal-Image-Segmentation-with-MaskCLIP.pdf,8,1,0,2,0,0,0,0,0,0,0,0,0,0,0,0,0,0,0,0,0,0,0,0,0,0,0,0,0,3,0,0,1,4,0,0,0,0,0,2,0,0,0,0,0,0,0,2,0,0,0,0,0,0,0,0,0,0,0,0,0,0,0,1,0,0,0,0,0,0,0,0,0,0,0,0,0,0,0,0,0,0
ICML-2023-AudioLDM-Text-to-Audio-Generation-with-Latent-Diffusion-Models.pdf,3,0,77,0,0,0,0,0,3,0,0,0,0,0,0,0,0,0,0,0,0,0,0,0,0,0,0,0,0,13,0,0,3,3,0,0,0,0,0,0,0,0,0,0,0,0,0,0,5,0,0,0,0,0,0,0,0,0,0,0,0,1,0,0,0,0,0,0,0,0,0,0,0,0,0,0,0,0,0,0,0,0
ICML-2023-Cramming-Training-a-Language-Model-on-a-Single-GPU-in-One-Day.pdf,2,2,0,4,0,0,0,1,4,0,1,0,0,0,0,0,0,0,0,0,0,0,0,0,0,0,0,0,2,45,8,0,1,6,0,0,0,0,0,0,0,0,0,0,0,0,0,4,3,3,0,2,0,0,0,0,0,0,0,0,1,1,0,0,1,1,0,0,0,0,0,0,0,0,0,0,0,0,2,0,0,2
ICML-2023-SinDDM-A-Single-Image-Denoising-Diffusion-Model.pdf,0,1,32,0,0,0,0,0,1,0,0,0,0,0,0,0,0,0,0,0,0,0,0,0,0,0,0,0,0,1,0,0,2,0,0,0,0,0,0,0,0,0,0,0,0,0,0,0,0,2,0,0,0,0,0,0,0,0,0,0,0,1,0,0,0,0,0,0,0,0,0,0,0,0,0,0,0,0,0,0,0,0
"ICML-2023-Reduce,-Reuse,-Recycle-Compositional-Generation-with-Energy-Based.pdf",0,0,39,0,0,0,0,0,1,0,0,0,0,0,0,0,0,0,0,0,0,0,0,0,0,0,0,0,0,5,3,0,0,0,0,0,0,0,0,1,3,0,0,0,0,0,0,0,1,2,0,0,0,0,0,0,0,0,0,0,0,2,0,0,0,0,0,0,0,0,0,0,0,0,0,0,0,0,0,0,0,2
ICML-2023-Principled-Reinforcement-Learning-with-Human-Feedback-from-Pairwise-or.pdf,0,1,0,2,0,0,0,1,1,0,0,0,0,0,3,0,0,0,0,0,0,0,1,1,30,0,0,0,0,10,0,0,0,0,0,0,0,0,0,0,0,0,0,0,0,0,0,2,0,1,0,0,0,0,0,0,0,0,0,0,0,0,0,0,0,0,0,0,0,0,0,0,0,0,0,0,0,0,0,0,0,0
ICML-2023-Make-An-Audio-Text-To-Audio-Generation-with-Prompt-Enhanced-Diffusion.pdf,0,2,42,12,0,0,0,0,2,0,0,0,0,0,0,0,0,0,0,0,0,0,0,0,0,0,0,0,4,3,0,0,2,3,0,0,0,0,0,6,0,0,0,0,0,0,0,12,0,3,0,0,0,0,0,0,0,0,0,0,0,1,0,0,0,0,0,0,0,0,0,0,0,0,0,0,0,0,0,0,0,4
ICML-2023-Better-Training-of-GFlowNets-with-Local-Credit-and-Incomplete-Trajectories.pdf,0,0,24,0,0,0,0,0,1,0,0,0,0,0,1,0,0,0,0,0,0,0,0,0,0,0,0,0,0,6,0,0,0,7,0,0,0,0,0,3,0,0,0,0,0,0,0,0,3,0,0,0,0,0,0,0,0,0,0,0,1,0,0,0,0,0,0,0,0,0,0,0,0,0,0,0,0,0,0,0,0,1
ICML-2023-Retrieval-Augmented-Multimodal-Language-Modeling.pdf,8,7,56,0,0,0,0,0,1,0,0,0,0,0,0,0,0,0,0,0,0,0,1,0,1,0,0,0,0,13,5,0,0,2,0,0,0,0,0,0,0,0,0,0,0,0,0,0,1,2,0,0,0,0,0,0,0,0,0,0,0,4,0,0,0,0,0,0,0,0,0,0,0,0,0,0,0,0,0,0,0,0
ICML-2023-Compositional-Exemplars-for-In-context-Learning.pdf,14,1,21,4,0,0,0,0,4,0,1,0,0,0,0,0,0,0,0,0,0,0,0,0,0,0,0,0,0,19,1,0,3,3,0,0,0,0,0,4,0,0,0,0,0,0,0,4,6,0,0,0,0,0,0,0,0,0,0,0,1,0,0,0,0,0,0,0,0,0,0,0,0,0,0,0,0,0,0,0,0,1
ICML-2023-EXPHORMER--Sparse-Transformers-for-Graphs.pdf,5,5,0,4,0,0,0,0,2,0,0,0,0,0,11,0,0,0,0,0,0,0,0,0,0,0,0,0,0,7,31,0,4,1,0,0,0,0,0,0,2,0,0,0,0,0,0,4,0,0,0,0,0,0,0,1,0,0,0,0,3,3,0,0,0,0,0,0,0,0,0,0,0,0,0,0,0,0,0,0,0,1
ICML-2023-Fast-Sampling-of-Diffusion-Models-via-Operator-Learning.pdf,0,2,7,0,0,0,0,0,2,0,1,0,0,0,7,0,0,0,0,0,0,0,1,0,0,0,0,0,0,5,0,0,2,1,0,0,0,0,0,4,0,0,0,0,0,0,0,0,1,0,0,0,0,0,0,0,0,0,0,0,0,1,0,0,0,0,0,0,0,0,0,0,0,0,0,0,0,0,0,0,0,28
